{
  "name": "aryan-ai",
  "version": "1.0.0",
  "description": "ARYAN AI - Advanced Conversational AI Chatbot",
  "scripts": {
    "dev": "next dev",
    "build": "next build",
    "start": "next start",
    "lint": "next lint"
  },
  "engines": {
    "node": ">=18.0.0"
  },
  "repository": {
    "type": "git",
    "url": "https://github.com/yourusername/aryan-ai"
  },
  "keywords": [
    "ai",
    "chatbot",
    "nextjs",
    "react",
    "tailwindcss"
  ],
  "author": "ARYAN AI",
  "license": "MIT"
}
